{
  "Model 1 (Unbiased)": {
    "accuracy": 0.49166666666666664,
    "di": 0.9369703389830508
  },
  "Model 2 (Biased)": {
    "accuracy": 0.55,
    "di": 0.34463276836158196
  }
}